Workbook

Sheet READ FIRST
B1: WASREB IMPACT 17 — reconciled dataset
B2: FY2023/24 · 68 of 95 utilities · Navuuna · 21 August 2026
B4: WHAT THIS IS | C4: The full KPI scorecard for 68 Kenyan water service providers, reconstructed from WASREB IMPACT Issue 17. Very Large (18), Large (37) and Medium (13) categories. This is the seed of the 17-year series, not the whole thing.
B5: HOW IT WAS OBTAINED | C5: The main IMPACT report PDF uses subsetted fonts with shifted character encodings and extracts as gibberish. The HIGHLIGHTS deck published alongside it does not, and carries the same category tables. Parsed from the Highlights.
B6: COLUMN ORDER | C6: Established from the label list printed on each category page. Identical across Large and Medium; applied to Very Large, where one block (revenue collection efficiency) extracts out of position and was reseated.
B7: VALIDATION PASSED | C7: Nyeri 168 and Nakuru 167 match the report narrative. Nanyuki 163 sits at the top of Large, which is why overall ranks 3-5 are absent from Very Large. Tana 8 and Samburu 9 match the narrative exactly, confirming the Medium block. Mombasa is last in Very Large and Bomet last in Large, both as stated.
B8: WHAT IS DELIBERATELY NULL | C8: Large water coverage rows 24-25 (ambiguous digit split) and all Large total scores and overall ranks (the block returns 36 values for 37 utilities and is non-monotonic). Null, never guessed. Never zero.
B9: NOT INCLUDED | C9: Small (22) and Private (4) categories. Their blocks are incomplete or corrupt and could not be reconciled without visual inspection of the page.
B11: PROVENANCE — SAY THIS OUT LOUD | C11: IMPACT relies exclusively on self-reported data submitted by utilities through WARIS and validated by WASREB. It is not independently measured. State that wherever this is published.
B12: ATTRIBUTION REQUIRED | C12: Water Services Regulatory Board (WASREB), IMPACT Report Issue 17, 2025.
B14: PUBLISHING RULES (from the Marketing & Channel Plan) | C14: These are regulator-published figures and are safe to chart, attributed. But: never name a specific failing utility or county in public content — sector and national figures only. Source and vintage go ON the chart, not in the caption. And nothing computed from fixtures or seed data goes out at all.
B15: IP NOTE (from the IP & Legal Dossier) | C15: The underlying facts are WASREB's and are not claimed. The compilation, the schema and the scoring methodology are Navuuna's. Publishing this derived dataset openly is consistent with the methodology-open / code-restricted posture — but file KECOBO before it goes out.

Sheet Very Large (18)
A1: Very Large (>35,000 connections) — WASREB IMPACT 17, FY2023/24
A2: Source: WASREB IMPACT Report Issue 17 (2025). Self-reported via WARIS, validated by WASREB.
A4: Utility | B4: Drinking water quality (%) | C4: Non-revenue water (%) | D4: Water coverage (%) | E4: Hours of supply (hrs/day) | F4: Staff per 1,000 conns | G4: Revenue collection efficiency (%) | H4: Personnel exp. as % of O+M | I4: O+M cost coverage (%) | J4: Metering ratio (%) | K4: Total score (of 200) | L4: Rank in category | M4: Rank overall
A5: Nyeri | B5: 100 | C5: 15 | D5: 100 | E5: 24 | F5: 4 | G5: 108 | H5: 49 | I5: 108 | J5: 100 | K5: 168 | L5: 1 | M5: 1
A6: Nakuru Urban | B6: 100 | C6: 26 | D6: 92 | E6: 21 | F6: 3 | G6: 94 | H6: 27 | I6: 102 | J6: 100 | K6: 167 | L6: 2 | M6: 2
A7: Thika | B7: 100 | C7: 36 | D7: 92 | E7: 21 | F7: 5 | G7: 95 | H7: 34 | I7: 118 | J7: 100 | K7: 151 | L7: 3 | M7: 6
A8: Kisumu | B8: 100 | C8: 37 | D8: 93 | E8: 24 | F8: 5 | G8: 96 | H8: 31 | I8: 105 | J8: 100 | K8: 150 | L8: 4 | M8: 7
A9: Ruiru-Juja | B9: 100 | C9: 44 | D9: 95 | E9: 21 | F9: 5 | G9: 90 | H9: 33 | I9: 136 | J9: 100 | K9: 145 | L9: 5 | M9: 8
A10: Kakamega Urban | B10: 93 | C10: 37 | D10: 98 | E10: 21 | F10: 4 | G10: 97 | H10: 55 | I10: 118 | J10: 100 | K10: 141 | L10: 6 | M10: 12
A11: Embu | B11: 100 | C11: 35 | D11: 83 | E11: 23 | F11: 5 | G11: 95 | H11: 49 | I11: 102 | J11: 100 | K11: 140 | L11: 7 | M11: 13
A12: Eldoret | B12: 93 | C12: 37 | D12: 83 | E12: 23 | F12: 4 | G12: 103 | H12: 54 | I12: 106 | J12: 100 | K12: 131 | L12: 8 | M12: 18
A13: Murang'a South | B13: 100 | C13: 40 | D13: 75 | E13: 20 | F13: 4 | G13: 99 | H13: 47 | I13: 103 | J13: 100 | K13: 129 | L13: 9 | M13: 19
A14: Malindi | B14: 100 | C14: 21 | D14: 73 | E14: 20 | F14: 8 | G14: 85 | H14: 38 | I14: 102 | J14: 100 | K14: 111 | L14: 10 | M14: 27
A15: Kirinyaga | B15: 100 | C15: 52 | D15: 65 | E15: 21 | F15: 5 | G15: 92 | H15: 56 | I15: 85 | J15: 100 | K15: 110 | L15: 11 | M15: 28
A16: Kilifi Mariakani | B16: 96 | C16: 49 | D16: 64 | E16: 18 | F16: 7 | G16: 97 | H16: 28 | I16: 70 | J16: 100 | K16: 107 | L16: 12 | M16: 32
... A22: Mombasa | B22: 92 | C22: 55 | D22: 70 | E22: 15 | F22: 8 | G22: 90 | H22: 37 | I22: 104 | J22: 100 | K22: 68 | L22: 18 | M22: 59
A24: Category average | B24: =IFERROR(ROUND(AVERAGE(B5:B22),1),"—") -> 96.1 | C24: =IFERROR(ROUND(AVERAGE(C5:C22),1),"—") -> 39.4 | D24: =IFERROR(ROUND(AVERAGE(D5:D22),1),"—") -> 76 | E24: =IFERROR(ROUND(AVERAGE(E5:E22),1),"—") -> 20.1 | F24: =IFERROR(ROUND(AVERAGE(F5:F22),1),"—") -> 5.4 | G24: =IFERROR(ROUND(AVERAGE(G5:G22),1),"—") -> 95 | H24: =IFERROR(ROUND(AVERAGE(H5:H22),1),"—") -> 44.3 | I24: =IFERROR(ROUND(AVERAGE(I5:I22),1),"—") -> 101.7 | J24: =IFERROR(ROUND(AVERAGE(J5:J22),1),"—") -> 99.9
A26: Blank cells shown as — are deliberately null: the source value could not be recovered unambiguously. Never treat them as zero.

Sheet Large (37)
A1: Large (10,000-35,000 connections) — WASREB IMPACT 17, FY2023/24
A2: Source: WASREB IMPACT Report Issue 17 (2025). Self-reported via WARIS, validated by WASREB.
A4: Utility | B4: Drinking water quality (%) | C4: Non-revenue water (%) | D4: Water coverage (%) | E4: Hours of supply (hrs/day) | F4: Staff per 1,000 conns | G4: Revenue collection efficiency (%) | H4: Personnel exp. as % of O+M | I4: O+M cost coverage (%) | J4: Metering ratio (%) | K4: Total score (of 200) | L4: Rank in category | M4: Rank overall
A5: Nanyuki | B5: 100 | C5: 28 | D5: 95 | E5: 23 | F5: 4 | G5: 97 | H5: 50 | I5: 104 | J5: 100 | K5: — | L5: 1 | M5: —
A6: Murang'a Urban | B6: 100 | C6: 31 | D6: 96 | E6: 24 | F6: 5 | G6: 101 | H6: 52 | I6: 123 | J6: 100 | K6: — | L6: 2 | M6: —
A7: Isiolo | B7: 100 | C7: 29 | D7: 92 | E7: 20 | F7: 4 | G7: 103 | H7: 53 | I7: 111 | J7: 100 | K7: — | L7: 3 | M7: —
A8: Ngandori Nginda | B8: 100 | C8: 20 | D8: 77 | E8: 20 | F8: 7 | G8: 104 | H8: 40 | I8: 104 | J8: 100 | K8: — | L8: 4 | M8: —
A9: Meru | B9: 100 | C9: 35 | D9: 93 | E9: 22 | F9: 5 | G9: 94 | H9: 52 | I9: 106 | J9: 100 | K9: — | L9: 5 | M9: —
A10: Tetu Aberdare | B10: 93 | C10: 31 | D10: 89 | E10: 24 | F10: 4 | G10: 103 | H10: 52 | I10: 103 | J10: 100 | K10: — | L10: 6 | M10: —
A11: Naivasha | B11: 93 | C11: 25 | D11: 91 | E11: 24 | F11: 7 | G11: 96 | H11: 41 | I11: 109 | J11: 100 | K11: — | L11: 7 | M11: —
A12: Ngagaka | B12: 99 | C12: 35 | D12: 73 | E12: 24 | F12: 5 | G12: 102 | H12: 54 | I12: 101 | J12: 100 | K12: — | L12: 8 | M12: —
A13: Kiambu | B13: 98 | C13: 32 | D13: 82 | E13: 21 | F13: 6 | G13: 93 | H13: 34 | I13: 101 | J13: 100 | K13: — | L13: 9 | M13: —
A14: Nyahururu | B14: 100 | C14: 39 | D14: 91 | E14: 23 | F14: 6 | G14: 102 | H14: 51 | I14: 103 | J14: 100 | K14: — | L14: 10 | M14: —
A15: Nakuru Rural | B15: 100 | C15: 46 | D15: 52 | E15: 23 | F15: 5 | G15: 98 | H15: 50 | I15: 89 | J15: 100 | K15: — | L15: 11 | M15: —
A16: Murang'a West | B16: 100 | C16: 36 | D16: 64 | E16: 24 | F16: 4 | G16: 84 | H16: 42 | I16: 113 | J16: 100 | K16: — | L16: 12 | M16: —
... A27: Kiambere Mwingi | B27: 100 | C27: 43 | D27: 63 | E27: 20 | F27: 12 | G27: 88 | H27: 31 | I27: 54 | J27: 100 | K27: — | L27: 23 | M27: —
A28: Homa Bay | B28: 100 | C28: 27 | D28: — | E28: 10 | F28: 9 | G28: 89 | H28: 48 | I28: 71 | J28: 100 | K28: — | L28: 24 | M28: —
A29: Machakos | B29: 93 | C29: 45 | D29: — | E29: 21 | F29: 17 | G29: 100 | H29: 37 | I29: 75 | J29: 98 | K29: — | L29: 25 | M29: —
A30: Amatsi | B30: 66 | C30: 33 | D30: 70 | E30: 13 | F30: 8 | G30: 96 | H30: 32 | I30: 57 | J30: 100 | K30: — | L30: 26 | M30: —
A31: Karuri | B31: 89 | C31: 50 | D31: 61 | E31: 15 | F31: 13 | G31: 93 | H31: 19 | I31: 83 | J31: 100 | K31: — | L31: 27 | M31: —
A32: Tavevo | B32: 50 | C32: 38 | D32: 81 | E32: 12 | F32: 9 | G32: 94 | H32: 34 | I32: 60 | J32: 100 | K32: — | L32: 28 | M32: —
A33: Kikuyu | B33: 45 | C33: 55 | D33: 62 | E33: 19 | F33: 8 | G33: 112 | H33: 40 | I33: 72 | J33: 99 | K33: — | L33: 29 | M33: —
A34: Sibo | B34: 64 | C34: 36 | D34: 53 | E34: 7 | F34: 6 | G34: 99 | H34: 36 | I34: 88 | J34: 100 | K34: — | L34: 30 | M34: —
A35: Mavoko | B35: 92 | C35: 58 | D35: 50 | E35: 14 | F35: 14 | G35: 96 | H35: 57 | I35: 93 | J35: 100 | K35: — | L35: 31 | M35: —
A36: Kibwezi Makindu | B36: 0 | C36: 31 | D36: 14 | E36: 18 | F36: 6 | G36: 79 | H36: 72 | I36: 83 | J36: 72 | K36: — | L36: 32 | M36: —
A37: Kyeni | B37: 78 | C37: 48 | D37: 65 | E37: 22 | F37: 12 | G37: 65 | H37: 37 | I37: 105 | J37: 40 | K37: — | L37: 33 | M37: —
A38: Garissa | B38: 93 | C38: 44 | D38: 11 | E38: 15 | F38: 12 | G38: 56 | H38: 55 | I38: 124 | J38: 78 | K38: — | L38: 34 | M38: —
A39: Busia | B39: 33 | C39: 56 | D39: 65 | E39: 8 | F39: 9 | G39: 79 | H39: 44 | I39: 69 | J39: 89 | K39: — | L39: 35 | M39: —
A40: Turkana Urban | B40: 51 | C40: 61 | D40: 12 | E40: 14 | F40: 20 | G40: 77 | H40: 46 | I40: 69 | J40: 46 | K40: — | L40: 36 | M40: —
A41: Bomet | B41: 100 | C41: 43 | D41: 75 | E41: 22 | F41: 6 | G41: 95 | H41: 45 | I41: 40 | J41: 98 | K41: — | L41: 37 | M41: —
A43: Category average | B43: =IFERROR(ROUND(AVERAGE(B5:B41),1),"—") -> 86.6 | C43: =IFERROR(ROUND(AVERAGE(C5:C41),1),"—") -> 41.5 | D43: =IFERROR(ROUND(AVERAGE(D5:D41),1),"—") -> 64.4 | E43: =IFERROR(ROUND(AVERAGE(E5:E41),1),"—") -> 18.4 | F43: =IFERROR(ROUND(AVERAGE(F5:F41),1),"—") -> 8.2 | G43: =IFERROR(ROUND(AVERAGE(G5:G41),1),"—") -> 94.2 | H43: =IFERROR(ROUND(AVERAGE(H5:H41),1),"—") -> 43.1 | I43: =IFERROR(ROUND(AVERAGE(I5:I41),1),"—") -> 88.1 | J43: =IFERROR(ROUND(AVERAGE(J5:J41),1),"—") -> 93.1
A45: Blank cells shown as — are deliberately null: the source value could not be recovered unambiguously. Never treat them as zero.

Sheet Medium (13)
A1: Medium (5,000-10,000 connections) — WASREB IMPACT 17, FY2023/24
A2: Source: WASREB IMPACT Report Issue 17 (2025). Self-reported via WARIS, validated by WASREB.
A4: Utility | B4: Drinking water quality (%) | C4: Non-revenue water (%) | D4: Water coverage (%) | E4: Hours of supply (hrs/day) | F4: Staff per 1,000 conns | G4: Revenue collection efficiency (%) | H4: Personnel exp. as % of O+M | I4: O+M cost coverage (%) | J4: Metering ratio (%) | K4: Total score (of 200) | L4: Rank in category | M4: Rank overall
A5: Kapsabet Nandi | B5: 100 | C5: 38 | D5: 37 | E5: 20 | F5: 8 | G5: 95 | H5: 35 | I5: 85 | J5: 100 | K5: 110 | L5: 1 | M5: 29
A6: Embe | B6: 72 | C6: 65 | D6: 32 | E6: 10 | F6: 16 | G6: 63 | H6: 42 | I6: 76 | J6: 46 | K6: 105 | L6: 2 | M6: 35
A7: Lamu | B7: 93 | C7: 54 | D7: 77 | E7: 16 | F7: 9 | G7: 97 | H7: 51 | I7: 79 | J7: 100 | K7: 86 | L7: 3 | M7: 49
A8: Murugi Mugumango | B8: 93 | C8: 54 | D8: 74 | E8: 12 | F8: 24 | G8: 96 | H8: 50 | I8: 40 | J8: 100 | K8: 82 | L8: 4 | M8: 51
A9: Kirandich | B9: 21 | C9: 47 | D9: 59 | E9: 24 | F9: 5 | G9: 96 | H9: 65 | I9: 82 | J9: 100 | K9: 69 | L9: 5 | M9: 58
A10: Nyandarua | B10: 77 | C10: 59 | D10: 30 | E10: 12 | F10: 7 | G10: 92 | H10: 24 | I10: 32 | J10: 92 | K10: 61 | L10: 6 | M10: 66
A11: Narok | B11: 79 | C11: 42 | D11: 59 | E11: 20 | F11: 13 | G11: 96 | H11: 42 | I11: 88 | J11: 100 | K11: 55 | L11: 7 | M11: 68
A12: Chemususu | B12: 70 | C12: 33 | D12: 78 | E12: 10 | F12: 11 | G12: 81 | H12: 34 | I12: 89 | J12: 100 | K12: 47 | L12: 8 | M12: 73
A13: Migori | B13: 50 | C13: 66 | D13: 22 | E13: 19 | F13: 16 | G13: 96 | H13: 45 | I13: 107 | J13: 45 | K13: 45 | L13: 9 | M13: 75
A14: Nol Turesh | B14: 93 | C14: 44 | D14: 26 | E14: 8 | F14: 15 | G14: 75 | H14: 17 | I14: 33 | J14: 92 | K14: 27 | L14: 10 | M14: 82
A15: Tuuru | B15: 84 | C15: 68 | D15: 13 | E15: 14 | F15: 9 | G15: 79 | H15: 58 | I15: 75 | J15: 84 | K15: 14 | L15: 11 | M15: 86
A16: Samburu | B16: 0 | C16: 64 | D16: 5 | E16: 6 | F16: 40 | G16: 71 | H16: 76 | I16: 124 | J16: 0 | K16: 9 | L16: 12 | M16: 88
A17: Tana | B17: 83 | C17: 40 | D17: 23 | E17: 9 | F17: 16 | G17: 40 | H17: 50 | I17: 37 | J17: 85 | K17: 8 | L17: 13 | M17: 89
A19: Category average | B19: =IFERROR(ROUND(AVERAGE(B5:B17),1),"—") -> 70.4 | C19: =IFERROR(ROUND(AVERAGE(C5:C17),1),"—") -> 51.8 | D19: =IFERROR(ROUND(AVERAGE(D5:D17),1),"—") -> 41.2 | E19: =IFERROR(ROUND(AVERAGE(E5:E17),1),"—") -> 13.8 | F19: =IFERROR(ROUND(AVERAGE(F5:F17),1),"—") -> 14.5 | G19: =IFERROR(ROUND(AVERAGE(G5:G17),1),"—") -> 82.8 | H19: =IFERROR(ROUND(AVERAGE(H5:H17),1),"—") -> 45.3 | I19: =IFERROR(ROUND(AVERAGE(I5:I17),1),"—") -> 72.8 | J19: =IFERROR(ROUND(AVERAGE(J5:J17),1),"—") -> 80.3
A21: Blank cells shown as — are deliberately null: the source value could not be recovered unambiguously. Never treat them as zero.

Sheet Nairobi focus
A1: Nairobi City Water & Sewerage Company — FY2023/24
A2: The flagship module's subject. Utility-level, county-wide — NOT a sub-county figure.
A4: Indicator | B4: Nairobi | C4: Very Large avg | D4: Sector benchmark | E4: Verdict
A5: Non-revenue water (%) | B5: 48 | C5: =IFERROR(ROUND(AVERAGE('Very Large (18)'!C5:C22),1),"—") -> 39.4 | D5: 25 | E5: Nearly double the benchmark
A6: Water coverage (%) | B6: 79 | C6: =IFERROR(ROUND(AVERAGE('Very Large (18)'!D5:D22),1),"—") -> 76 | D6: — | E6: Below the top of its category
A7: Hours of supply (hrs/day) | B7: 7 | C7: =IFERROR(ROUND(AVERAGE('Very Large (18)'!E5:E22),1),"—") -> 20.1 | D7: >20 desired | E7: VERIFY — looks low, see queue
A8: Drinking water quality (%) | B8: 95 | C8: =IFERROR(ROUND(AVERAGE('Very Large (18)'!B5:B22),1),"—") -> 96.1 | D8: >95 | E8: Near benchmark
A9: Metering ratio (%) | B9: 100 | C9: =IFERROR(ROUND(AVERAGE('Very Large (18)'!J5:J22),1),"—") -> 99.9 | D9: 100 | E9: At benchmark
A10: Staff per 1,000 connections | B10: 7 | C10: =IFERROR(ROUND(AVERAGE('Very Large (18)'!F5:F22),1),"—") -> 5.4 | D10: <5 | E10: Above the desired level
A11: O+M cost coverage (%) | B11: 105 | C11: =IFERROR(ROUND(AVERAGE('Very Large (18)'!I5:I22),1),"—") -> 101.7 | D11: >100 | E11: Covers costs
A12: Revenue collection efficiency (%) | B12: 94 | C12: =IFERROR(ROUND(AVERAGE('Very Large (18)'!G5:G22),1),"—") -> 95 | D12: >95 | E12: Marginally below
A13: Personnel exp. as % of O+M | B13: 61 | C13: =IFERROR(ROUND(AVERAGE('Very Large (18)'!H5:H22),1),"—") -> 44.3 | D13: <30 | E13: Well above the desired level
A14: Total score (of 200) | B14: 101 | C14: =IFERROR(ROUND(AVERAGE('Very Large (18)'!K5:K22),1),"—") -> 121.4 | D14: — | E14: Rank 37 of 90 ranked utilities
A17: CRITICAL: every value here is UTILITY-level. NCWSC serves all of Nairobi County. These figures must render in the county banner above the map — never on a sub-county bubble.

Sheet Verification queue
A1: Before anything here is published
A3: # | B3: Item | C3: How to check | D3: Verified? | E3: By | F3: Date
A4: 1 | B4: Nairobi hours of supply = 7 hrs/day | C4: Looks low. Confirm against the visual table — an adjacent value may have been split wrongly
A5: 2 | B5: Column order on the Very Large page | C5: One block extracts out of position. pdftoppm -r 200 and read the headers left to right
A6: 3 | B6: Large water coverage, rows 24–25 (Homa Bay, Machakos) | C6: Ambiguous split of '667' — is it (66, 7) or (6, 67)? Read it off the page
A7: 4 | B7: Large staff-per-1000 column, whole column | C7: Several run-together tokens split more than one way. Marked low confidence in the CSV
A8: 5 | B8: Large total scores and overall ranks | C8: Block returns 36 values for 37 utilities and is non-monotonic. Recover the missing value
A9: 6 | B9: Small (22) and Private (4) categories | C9: Not reconciled. Establish the layout spec, then re-run
A10: 7 | B10: Spot-check 30 random values against the PDF | C10: The hand-check from prompt P3. Record verdicts in the repo
A11: 8 | B11: Large category count: 37 or 38? | C11: Highlights chart says 37; main report narrative says 'increased from 35 to 38'
